,Vaccinated_Idxs,Fatality_Rate_Abs,Fatality_Rate_Rel,Age_Gini_Abs,Age_Gini_Rel,Income_Gini_Abs,Income_Gini_Rel,Occupation_Gini_Abs,Occupation_Gini_Rel,Minority_Gini_Abs,Minority_Gini_Rel
0,"[361, 366, 372, 403, 405, 421, 425, 426, 434, 446, 449, 468, 697, 706, 712, 780, 781, 783, 799, 1076, 1094, 1100, 1139, 1152, 1156, 1165, 1181, 1185, 1191, 1194, 1226, 1229, 1252, 1259, 1283, 1299, 1301, 1305, 1604, 1618, 1623, 1658, 1661, 1664, 1668, 1672, 1675, 1677, 1682, 1684, 1688, 1695, 1702, 1705, 1722, 1750, 1852, 1899, 1902, 1910, 1921, 1925, 1926, 1963, 1967, 2212, 2336, 2591, 2894, 2938, 2973]",0.000088,-0.030267,0.253050,0.109766,0.026239,-0.125665,0.084708,-0.093070,0.093906,0.217803
