,Vaccinated_Idxs,Fatality_Rate_Abs,Fatality_Rate_Rel,Age_Gini_Abs,Age_Gini_Rel,Income_Gini_Abs,Income_Gini_Rel,Occupation_Gini_Abs,Occupation_Gini_Rel,Minority_Gini_Abs,Minority_Gini_Rel
0,"[703, 709, 710, 725, 741, 768, 803, 818, 832, 838, 845, 959, 960, 965, 975, 1004, 1017, 1020, 1038, 1041, 1049, 1051, 1060, 1099, 1103, 1105, 1113, 1114, 1140, 1193, 1194, 1211, 1225, 1256, 1259, 1262, 1276, 1360, 1396, 1398, 1399, 1476, 1493, 1495, 1516, 1521, 1534, 1540, 1541, 1552, 1574, 1587, 1598, 1607, 1611, 1619, 1625, 1636, 1679, 1686, 1690, 1691, 1707, 1717, 1764, 2256, 2392, 2781, 2803, 2811, 2815, 2816, 2829, 2857, 3103, 3148, 3160, 3252, 3413, 3459, 3460, 3473, 3488, 3503, 3508, 3510, 3537, 3597, 3612, 3635, 3648, 3653, 3689, 3702, 3810, 3818, 3834, 3838, 3843, 3844, 3864, 3866, 3868, 3900, 3905, 3906, 3914, 3915, 3923, 3934, 3936, 3938, 3945, 3950, 3951, 4006, 4008, 4010, 4056, 4709, 4767, 4865, 4872, 4896, 4928, 4929, 5051, 5060, 5146, 5184, 5202, 5232, 5872, 5873, 5917, 5929, 6025, 6151, 6167, 6172, 6174, 6207, 6210, 6214, 6236, 6263, 6268, 6274, 6275, 6294, 6669, 6681]",0.000293,-0.039490,0.237908,0.041383,0.187504,-0.077796,0.133820,-0.065090,0.189917,-0.067984
