,Vaccinated_Idxs,Fatality_Rate_Abs,Fatality_Rate_Rel,Age_Gini_Abs,Age_Gini_Rel,Income_Gini_Abs,Income_Gini_Rel,Occupation_Gini_Abs,Occupation_Gini_Rel,Minority_Gini_Abs,Minority_Gini_Rel
0,"[35, 48, 53, 134, 138, 144, 156, 160, 165, 210, 238, 242, 245, 256, 257, 261, 274, 282, 425, 575, 595, 603, 671, 839, 1018, 1057, 1059, 1060, 1111, 1231, 1232, 1237, 1512, 1519, 1525, 1543, 1562, 1582, 1792, 1800, 2336, 2337, 2362, 2735, 2882, 2930, 2931]",0.000041,-0.007085,0.308102,0.063714,0.259033,-0.028397,0.086830,0.006820,0.217947,0.075264
1,"[35, 48, 53, 134, 138, 144, 156, 165, 210, 238, 242, 245, 256, 261, 274, 276, 282, 425, 575, 595, 603, 671, 839, 1018, 1059, 1060, 1111, 1231, 1232, 1237, 1512, 1525, 1543, 1562, 1582, 1792, 1800, 2336, 2362, 2735, 2882, 2930, 2931]",0.000040,-0.025282,0.297318,0.026484,0.256370,-0.038387,0.098979,0.147685,0.211923,0.045547
2,"[35, 48, 53, 134, 138, 144, 156, 160, 210, 238, 242, 245, 257, 261, 274, 276, 282, 425, 575, 595, 603, 671, 1018, 1057, 1059, 1060, 1111, 1231, 1232, 1237, 1512, 1519, 1525, 1543, 1562, 1582, 1792, 1800, 2336, 2337, 2362, 2735, 2930, 2931]",0.000041,-0.017794,0.296115,0.022332,0.249388,-0.064576,0.097406,0.129446,0.207988,0.026132
