,Vaccinated_Idxs,Fatality_Rate_Abs,Fatality_Rate_Rel,Age_Gini_Abs,Age_Gini_Rel,Income_Gini_Abs,Income_Gini_Rel,Occupation_Gini_Abs,Occupation_Gini_Rel,Minority_Gini_Abs,Minority_Gini_Rel
0,"[35, 48, 53, 144, 156, 160, 165, 210, 238, 242, 245, 256, 257, 261, 274, 276, 282, 425, 595, 603, 671, 839, 1018, 1057, 1059, 1060, 1111, 1231, 1232, 1237, 1519, 1525, 1543, 1562, 1582, 1800, 2336, 2337, 2362, 2735, 2882, 2930, 2931]",0.000040,-0.021578,0.293081,0.011857,0.256516,-0.037840,0.099744,0.156554,0.204298,0.007928
1,"[35, 53, 138, 144, 156, 160, 165, 238, 242, 245, 257, 261, 274, 276, 282, 425, 575, 595, 603, 671, 839, 1018, 1057, 1059, 1060, 1111, 1232, 1237, 1512, 1519, 1525, 1543, 1562, 1582, 1792, 1800, 2336, 2337, 2362, 2735, 2930, 2931]",0.000041,-0.007246,0.293923,0.014762,0.262176,-0.016609,0.091981,0.066547,0.218277,0.076895
2,"[35, 48, 53, 134, 138, 144, 156, 160, 165, 210, 238, 242, 245, 256, 257, 261, 274, 276, 282, 425, 575, 595, 603, 671, 839, 1018, 1057, 1059, 1060, 1111, 1231, 1232, 1237, 1512, 1519, 1525, 1543, 1562, 1582, 1792, 1800, 2336, 2337, 2362, 2735, 2882, 2930, 2931]",0.000041,-0.014251,0.295962,0.021801,0.257327,-0.034799,0.094476,0.095475,0.208677,0.029531
