,Vaccinated_Idxs,Fatality_Rate_Abs,Fatality_Rate_Rel,Age_Gini_Abs,Age_Gini_Rel,Income_Gini_Abs,Income_Gini_Rel,Occupation_Gini_Abs,Occupation_Gini_Rel,Minority_Gini_Abs,Minority_Gini_Rel
0,"[363, 366, 372, 403, 405, 421, 425, 426, 434, 446, 449, 468, 665, 697, 706, 712, 781, 783, 799, 1076, 1094, 1100, 1139, 1152, 1156, 1165, 1181, 1185, 1191, 1194, 1226, 1229, 1252, 1259, 1283, 1299, 1301, 1305, 1618, 1623, 1627, 1658, 1661, 1664, 1668, 1672, 1675, 1677, 1682, 1684, 1688, 1695, 1702, 1705, 1722, 1750, 1852, 1899, 1902, 1910, 1921, 1925, 1926, 1963, 1967, 1968, 2212, 2336, 2591, 2894, 2938, 2973]",0.000087,-0.043334,0.244173,0.070836,0.025827,-0.139400,0.098800,0.057807,0.092138,0.194872
1,"[361, 363, 366, 372, 403, 405, 421, 425, 426, 434, 446, 449, 468, 665, 697, 706, 712, 780, 781, 799, 1076, 1094, 1100, 1139, 1152, 1156, 1165, 1181, 1185, 1191, 1194, 1226, 1229, 1252, 1259, 1283, 1299, 1301, 1305, 1604, 1618, 1623, 1627, 1658, 1661, 1664, 1668, 1672, 1675, 1677, 1682, 1684, 1695, 1702, 1705, 1722, 1750, 1852, 1899, 1902, 1910, 1921, 1925, 1926, 1963, 1967, 2212, 2336, 2591, 2894, 2938, 2973]",0.000088,-0.033381,0.243851,0.069424,0.026048,-0.132039,0.093900,0.005346,0.093744,0.215696
